{"count":1,"gauges":{},"self":9.1482879999999991,"total":12913.6006031,"children":{"AgentResetIfDone":{"count":5605,"self":0.0210085,"total":0.0210085,"children":null},"AgentSendState":{"count":5605,"self":0.036001899999999996,"total":0.0420003,"children":{"CollectObservations":{"count":5605,"self":0.0059984,"total":0.0059984,"children":null}}},"DecideAction":{"count":5605,"self":12826.2242304,"total":12904.2302656,"children":{"AgentInfo.ToProto":{"count":5605,"self":0.2320489,"total":78.0062221,"children":{"CameraSensor.GetCompressedObservation":{"count":11210,"self":77.774176,"total":77.774173199999993,"children":null}}}}},"AcademyStep":{"count":5605,"self":0.007994,"total":0.007994,"children":null},"AgentAct":{"count":5605,"self":0.1490486,"total":0.1490486,"children":null}}}